﻿<?xml version="1.0" encoding="utf-8"?>
<namespace name="the.pun.up.trn">
  <contains name="JConsts" />
  <contains name="Imm" />
  <contains name="CommDlg" />
  <contains name="WinSpool" />
  <contains name="Contnrs" />
  <contains name="SyncObjs" />
  <contains name="StdCtrls" />
  <contains name="Dlgs" />
  <contains name="ImgList" />
  <contains name="RTLConsts" />
  <contains name="Consts" />
  <contains name="StrUtils" />
  <contains name="CommCtrl" />
  <contains name="ShellAPI" />
  <contains name="RegStr" />
  <contains name="WinInet" />
  <contains name="UrlMon" />
  <contains name="ShlObj" />
  <contains name="StdActns" />
  <contains name="Messages" />
  <contains name="ActiveX" />
  <contains name="Math" />
  <contains name="SysConst" />
  <contains name="ImageHlp" />
  <contains name="Types" />
  <contains name="Buttons" />
  <contains name="jpeg" />
  <contains name="Clipbrd" />
  <contains name="Dialogs" />
  <contains name="ExtCtrls" />
  <contains name="GraphUtil" />
  <contains name="FlatSB" />
  <contains name="Printers" />
  <contains name="HelpIntfs" />
  <contains name="Menus" />
  <contains name="ActnList" />
  <contains name="Controls" />
  <contains name="Themes" />
  <contains name="UxTheme" />
  <contains name="MultiMon" />
  <contains name="Graphics" />
  <contains name="Registry" />
  <contains name="IniFiles" />
  <contains name="Classes" />
  <contains name="TypInfo" />
  <contains name="VarUtils" />
  <contains name="SysUtils" />
  <contains name="Windows" />
  <contains name="Variants" />
  <contains name="About" />
  <contains name="Main" />
  <contains name="Forms" />
  <contains name="SysInit" />
  <contains name="System" />
</namespace>
